"1","1","","Christian McCaffrey","CAR","RB1","13","1","5","1.2","0.7","1.0","0.0"
"2","1","","Saquon Barkley","NYG","RB2","11","1","6","2.3","1.0","3.0","+1.0"
"3","1","","Ezekiel Elliott","DAL","RB3","10","2","7","3.9","1.0","2.0","-1.0"
"4","1","","Michael Thomas","NO","WR1","6","3","30","4.0","2.2","4.0","0.0"
"5","2","","Derrick Henry","TEN","RB4","7","2","20","5.9","2.2","5.0","0.0"
"6","2","","Alvin Kamara","NO","RB5","6","1","22","6.1","1.4","7.0","+1.0"
"7","2","","Dalvin Cook","MIN","RB6","7","3","74","8.7","4.5","6.0","-1.0"
"8","2","","Davante Adams","GB","WR2","5","3","23","9.6","2.7","12.0","+4.0"
"9","2","","Tyreek Hill","KC","WR3","10","3","25","10.2","2.4","8.0","-1.0"
"10","2","","Joe Mixon","CIN","RB7","9","4","89","10.8","5.4","11.0","+1.0"
"11","2","","Nick Chubb","CLE","RB8","9","5","42","11.3","4.9","10.0","-1.0"
"12","2","","Julio Jones","ATL","WR4","10","3","25","12.2","2.9","14.0","+2.0"
"13","3","","Josh Jacobs","LV","RB9","6","5","31","13.5","4.8","9.0","-4.0"
"14","3","","Chris Godwin","TB","WR5","13","8","94","16.5","4.9","16.0","+2.0"
"15","3","","DeAndre Hopkins","ARI","WR6","8","8","49","16.8","5.8","13.0","-2.0"
"16","3","","Travis Kelce","KC","TE1","10","11","45","17.4","2.0","17.0","+1.0"
"17","3","","Kenny Golladay","DET","WR7","5","13","34","17.9","4.4","21.0","+4.0"
"18","3","","George Kittle","SF","TE2","11","11","50","18.3","2.3","18.0","0.0"
"19","3","","Miles Sanders","PHI","RB10","9","6","44","20.2","6.4","19.0","0.0"
"20","3","","Aaron Jones","GB","RB11","5","9","40","21.1","5.5","15.0","-5.0"
"21","3","","Kenyan Drake","ARI","RB12","8","7","71","21.8","7.2","24.0","+3.0"
"22","4","","Mike Evans","TB","WR8","13","12","65","22.2","7.2","23.0","+1.0"
"23","4","","Patrick Mahomes","KC","QB1","10","13","53","27.4","9.1","20.0","-3.0"
"24","4","","Mark Andrews","BAL","TE3","8","17","89","28.6","8.3","32.0","+8.0"
"25","4","","Amari Cooper","DAL","WR9","10","15","98","29.2","7.2","26.0","+1.0"
"26","4","","Austin Ekeler","LAC","RB13","10","9","60","29.8","6.9","25.0","-1.0"
"27","4","","Odell Beckham Jr.","CLE","WR10","9","13","101","30.6","7.5","48.0","+21.0"
"28","4","","Lamar Jackson","BAL","QB2","8","8","56","30.6","11.0","22.0","-6.0"
"29","4","","Allen Robinson","CHI","WR11","11","11","63","30.7","7.5","38.0","+9.0"
"30","4","","A.J. Brown","TEN","WR12","7","16","58","31.4","8.5","30.0","0.0"
"31","4","","Adam Thielen","MIN","WR13","7","15","64","33.1","7.9","29.0","-2.0"
"32","4","","JuJu Smith-Schuster","PIT","WR14","8","13","70","33.2","7.1","43.0","+11.0"
"33","4","","Todd Gurley","ATL","RB14","10","14","80","34.4","10.4","45.0","+12.0"
"34","5","","Chris Carson","SEA","RB15","6","14","59","35.2","9.7","27.0","-7.0"
"35","5","","D.J. Moore","CAR","WR15","13","15","67","35.4","8.3","49.0","+14.0"
"36","5","","Calvin Ridley","ATL","WR16","10","21","96","39.4","7.2","35.0","-1.0"
"37","5","","Cooper Kupp","LAR","WR17","9","15","94","40.2","10.3","31.0","-6.0"
"38","5","","Leonard Fournette","JAC","RB16","7","6","68","40.6","13.3","33.0","-5.0"
"39","5","","Clyde Edwards-Helaire","KC","RB17","10","10","99","36.7","15.4","28.0","-11.0"
"40","5","","Robert Woods","LAR","WR18","9","16","89","42.6","10.3","52.0","+12.0"
"41","5","","Melvin Gordon","DEN","RB18","8","14","66","42.8","10.0","34.0","-7.0"
"42","5","","Courtland Sutton","DEN","WR19","8","16","97","42.8","11.8","64.0","+22.0"
"43","5","","Tyler Lockett","SEA","WR20","6","29","75","44.6","8.4","47.0","+4.0"
"44","5","","James Conner","PIT","RB19","8","20","89","45.8","11.5","44.0","0.0"
"45","5","","D.K. Metcalf","SEA","WR21","6","24","81","46.9","10.1","36.0","-9.0"
"46","5","","Zach Ertz","PHI","TE4","9","32","93","48.1","4.9","37.0","-9.0"
"47","6","","Terry McLaurin","WAS","WR22","8","16","80","49.6","10.3","66.0","+19.0"
"48","6","","David Johnson","HOU","RB20","8","26","83","50.1","11.9","41.0","-7.0"
"49","6","","D.J. Chark","JAC","WR23","7","32","81","50.2","9.9","56.0","+7.0"
"50","6","","Jonathan Taylor","IND","RB21","7","19","90","46.9","15.2","54.0","+4.0"
"51","6","","Mark Ingram II","BAL","RB22","8","20","93","52.0","13.2","39.0","-12.0"
"52","6","","DeVante Parker","MIA","WR24","11","32","124","52.7","12.9","63.0","+11.0"
"53","6","","Le'Veon Bell","NYJ","RB23","11","13","80","53.3","10.2","42.0","-11.0"
"54","6","","David Montgomery","CHI","RB24","11","20","83","53.6","11.4","51.0","-3.0"
"55","6","","Dak Prescott","DAL","QB3","10","19","91","53.9","8.0","57.0","+2.0"
"56","6","","T.Y. Hilton","IND","WR25","7","15","109","54.4","12.0","46.0","-10.0"
"57","6","","Keenan Allen","LAC","WR26","10","25","116","55.8","13.8","40.0","-17.0"
"58","6","","Stefon Diggs","BUF","WR27","11","32","146","58.0","11.1","53.0","-5.0"
"59","6","","Darren Waller","LV","TE5","6","18","123","58.1","13.1","59.0","0.0"
"60","6","","Russell Wilson","SEA","QB4","6","38","87","59.7","7.0","58.0","-2.0"
"61","6","","Kyler Murray","ARI","QB5","8","26","80","60.2","6.6","55.0","-6.0"
"62","6","","Raheem Mostert","SF","RB25","11","21","149","62.3","15.8","65.0","+3.0"
"63","6","","Deshaun Watson","HOU","QB6","8","31","91","64.0","7.3","62.0","-1.0"
"64","6","","Devin Singletary","BUF","RB26","11","12","124","65.6","13.0","50.0","-14.0"
"65","6","","A.J. Green","CIN","WR28","9","25","148","68.0","16.5","60.0","-5.0"
"66","6","","Jarvis Landry","CLE","WR29","9","36","122","69.0","11.7","68.0","+2.0"
"67","6","","Michael Gallup","DAL","WR30","10","37","118","69.2","12.6","74.0","+7.0"
"68","7","","Marquise Brown","BAL","WR31","8","41","123","71.6","11.5","67.0","-1.0"
"69","7","","D'Andre Swift","DET","RB27","5","31","112","71.1","15.4","73.0","+4.0"
"70","7","","Tyler Boyd","CIN","WR32","9","39","224","75.4","12.6","83.0","+13.0"
"71","7","","Cam Akers","LAR","RB28","9","24","151","72.2","17.9","85.0","+14.0"
"72","7","","Josh Allen","BUF","QB7","11","37","115","77.6","11.1","72.0","0.0"
"73","7","","Julian Edelman","NE","WR33","6","37","170","78.4","17.7","82.0","+9.0"
"74","7","","Evan Engram","NYG","TE6","11","46","161","79.3","22.0","69.0","-5.0"
"75","7","","Matt Ryan","ATL","QB8","10","41","111","80.6","11.2","86.0","+11.0"
"76","7","","Marvin Jones","DET","WR34","5","45","167","81.8","12.5","90.0","+14.0"
"77","7","","Kareem Hunt","CLE","RB29","9","44","134","83.2","13.2","80.0","+3.0"
"78","7","","Tyler Higbee","LAR","TE7","9","26","147","83.8","21.4","107.0","+29.0"
"79","7","","Brandin Cooks","HOU","WR35","8","50","184","84.5","18.8","79.0","0.0"
"80","7","","Will Fuller","HOU","WR36","8","48","195","84.8","18.7","87.0","+7.0"
"81","7","","Hunter Henry","LAC","TE8","10","53","143","82.2","19.0","71.0","-10.0"
"82","7","","Derrius Guice","WAS","RB30","8","39","176","87.7","18.7","75.0","-7.0"
"83","7","","Sony Michel","NE","RB31","6","57","141","88.1","15.2","76.0","-7.0"
"84","7","","Carson Wentz","PHI","QB9","9","43","150","89.8","13.1","91.0","+7.0"
"85","7","","Drew Brees","NO","QB10","6","46","117","90.7","13.7","84.0","-1.0"
"86","7","","Jordan Howard","MIA","RB32","11","60","164","91.4","16.5","98.0","+12.0"
"87","7","","Tom Brady","TB","QB11","13","44","131","93.9","14.0","101.0","+14.0"
"88","7","","Ronald Jones II","TB","RB33","13","44","170","94.4","22.1","93.0","+5.0"
"89","8","","Jared Cook","NO","TE9","6","53","191","96.1","26.4","92.0","+3.0"
"90","8","","Damien Williams","KC","RB34","10","56","183","96.7","20.1","88.0","-2.0"
"91","8","","John Brown","BUF","WR37","11","62","203","98.2","19.9","89.0","-2.0"
"92","8","","Mike Williams","LAC","WR38","10","49","186","99.4","21.5","102.0","+10.0"
"93","8","","Darius Slayton","NYG","WR39","11","62","191","99.4","20.8","99.0","+6.0"
"94","8","","Christian Kirk","ARI","WR40","8","64","196","99.5","22.6","94.0","0.0"
"95","8","","Matthew Stafford","DET","QB12","5","48","131","100.4","11.7","108.0","+13.0"
"96","8","","Aaron Rodgers","GB","QB13","5","54","148","100.7","14.6","77.0","-19.0"
"97","8","","J.K. Dobbins","BAL","RB35","8","28","168","98.0","19.4","103.0","+6.0"
"98","8","","Diontae Johnson","PIT","WR41","8","48","175","101.6","23.1","121.0","+23.0"
"99","8","","Deebo Samuel","SF","WR42","11","62","284","102.5","36.3","61.0","-38.0"
"100","8","","Ke'Shawn Vaughn","TB","RB36","13","34","181","98.2","22.0","115.0","+15.0"
"101","8","","Marlon Mack","IND","RB37","7","44","183","107.3","22.8","70.0","-31.0"
"102","8","","Tevin Coleman","SF","RB38","11","58","193","107.4","20.3","100.0","-2.0"
"103","8","","Rob Gronkowski","TB","TE10","13","61","153","94.6","22.0","78.0","-25.0"
"104","8","","Matt Breida","MIA","RB39","11","76","166","109.4","15.1","97.0","-7.0"
"105","8","","Emmanuel Sanders","NO","WR43","6","60","189","110.1","20.9","104.0","-1.0"
"106","8","","CeeDee Lamb","DAL","WR44","10","58","174","107.7","24.5","109.0","+3.0"
"107","8","","Phillip Lindsay","DEN","RB40","8","59","166","111.3","17.6","95.0","-12.0"
"108","8","","Kerryon Johnson","DET","RB41","5","52","198","112.2","20.4","81.0","-27.0"
"109","8","","Hayden Hurst","ATL","TE11","10","44","273","105.0","31.1","144.0","+35.0"
"110","8","","Jamison Crowder","NYJ","WR45","11","64","220","115.2","27.9","139.0","+29.0"
"111","8","","Anthony Miller","CHI","WR46","11","73","213","116.1","22.6","133.0","+22.0"
"112","8","","Daniel Jones","NYG","QB14","11","52","188","116.7","18.8","111.0","-1.0"
"113","8","","James White","NE","RB42","6","76","201","117.1","18.5","116.0","+3.0"
"114","8","","Sterling Shepard","NYG","WR47","11","74","202","113.9","20.8","114.0","0.0"
"115","8","","Austin Hooper","CLE","TE12","9","53","163","114.7","18.2","96.0","-19.0"
"116","8","","Latavius Murray","NO","RB43","6","56","199","118.5","20.1","112.0","-4.0"
"117","8","","Ben Roethlisberger","PIT","QB15","8","69","172","121.6","15.4","122.0","+5.0"
"118","9","","Alexander Mattison","MIN","RB44","7","53","201","124.5","21.0","120.0","+2.0"
"119","9","","Ryan Tannehill","TEN","QB16","7","55","171","126.8","18.7","128.0","+9.0"
"120","9","","Baker Mayfield","CLE","QB17","9","53","200","127.0","19.5","110.0","-10.0"
"121","9","","Noah Fant","DEN","TE13","8","69","234","124.2","19.0","105.0","-16.0"
"122","9","","Jared Goff","LAR","QB18","9","66","177","128.9","18.6","125.0","+3.0"
"123","9","","Jonnu Smith","TEN","TE14","7","62","209","130.6","21.2","155.0","+32.0"
"124","9","","Mike Gesicki","MIA","TE15","11","69","232","129.4","24.7","127.0","+3.0"
"125","9","","Golden Tate","NYG","WR48","11","74","213","127.3","24.3","129.0","+4.0"
"126","9","","Preston Williams","MIA","WR49","11","67","198","127.3","23.8","132.0","+6.0"
"127","9","","Tarik Cohen","CHI","RB45","11","84","207","133.7","16.4","145.0","+18.0"
"128","9","","Mecole Hardman","KC","WR50","10","75","226","131.1","29.8","113.0","-15.0"
"129","9","","Jerry Jeudy","DEN","WR51","8","64","326","122.4","33.3","117.0","-12.0"
"130","9","","Darrell Henderson","LAR","RB46","9","83","276","135.0","24.2","106.0","-24.0"
"131","9","","Cam Newton","NE","QB19","6","49","363","133.3","52.2","187.0","+56.0"
"132","9","","Zack Moss","BUF","RB47","11","88","308","130.6","29.9","146.0","+14.0"
"133","9","","T.J. Hockenson","DET","TE16","5","94","229","137.7","21.4","134.0","+1.0"
"134","9","","Justin Jefferson","MIN","WR52","7","73","332","130.2","40.3","135.0","+1.0"
"135","9","","Dallas Goedert","PHI","TE17","9","92","246","137.2","23.3","124.0","-11.0"
"136","9","","Henry Ruggs III","LV","WR53","6","72","331","134.6","40.5","131.0","-5.0"
"137","9","","Breshad Perriman","NYJ","WR54","11","65","279","139.3","32.3","151.0","+14.0"
"138","9","","Duke Johnson","HOU","RB48","8","91","217","146.8","20.4","154.0","+16.0"
"139","9","","Tony Pollard","DAL","RB49","10","84","257","146.9","23.8","137.0","-2.0"
"140","9","","Joe Burrow","CIN","QB20","9","51","328","144.9","32.2","158.0","+18.0"
"141","9","","Robby Anderson","CAR","WR55","13","67","203","136.3","28.5","118.0","-23.0"
"142","9","","Jalen Reagor","PHI","WR56","9","79","333","143.9","40.0","172.0","+30.0"
"143","9","","Curtis Samuel","CAR","WR57","13","75","232","145.4","29.7","162.0","+19.0"
"144","9","","Jack Doyle","IND","TE18","7","78","211","148.5","20.4","164.0","+20.0"
"145","9","","Blake Jarwin","DAL","TE19","10","78","258","143.5","25.4","181.0","+36.0"
"146","9","","Boston Scott","PHI","RB50","9","85","236","150.0","27.1","157.0","+11.0"
"147","9","","N'Keal Harry","NE","WR58","6","64","273","150.8","34.4","148.0","+1.0"
"148","9","","Kirk Cousins","MIN","QB21","7","83","250","151.4","23.1","123.0","-25.0"
"149","9","","San Francisco (SF)","","DST1","11","73","323","144.1","22.9","126.0","-23.0"
"150","9","","DeSean Jackson","PHI","WR59","9","36","244","150.5","34.9","153.0","+3.0"
"151","9","","Pittsburgh (PIT)","","DST2","8","59","230","146.3","13.3","136.0","-15.0"
"152","9","","Eric Ebron","PIT","TE20","8","94","241","149.6","24.4","156.0","+4.0"
"153","10","","Baltimore (BAL)","","DST3","8","62","183","150.9","9.9","138.0","-15.0"
"154","10","","Jimmy Garoppolo","SF","QB22","11","56","241","159.5","26.8","140.0","-14.0"
"155","10","","Sammy Watkins","KC","WR60","10","89","198","154.5","20.4","130.0","-25.0"
"156","10","","Gardner Minshew II","JAC","QB23","7","75","254","162.8","29.9","191.0","+35.0"
"157","10","","Chase Edmonds","ARI","RB51","8","80","273","165.8","30.2","149.0","-8.0"
"158","10","","Philip Rivers","IND","QB24","7","87","283","168.5","26.0","147.0","-11.0"
"159","10","","Drew Lock","DEN","QB25","8","79","275","167.0","27.5","152.0","-7.0"
"160","10","","Chris Herndon IV","NYJ","TE21","11","94","304","166.4","34.7","197.0","+37.0"
"161","10","","Buffalo (BUF)","","DST4","11","68","213","163.3","13.1","141.0","-20.0"
"162","10","","New England (NE)","","DST5","6","76","234","162.3","19.2","142.0","-20.0"
"163","10","","Nyheim Hines","IND","RB52","7","98","273","173.6","28.4","171.0","+8.0"
"164","10","","Michael Pittman Jr.","IND","WR61","7","55","349","163.8","46.0","174.0","+10.0"
"165","10","","Adrian Peterson","WAS","RB53","8","118","310","169.0","30.6","160.0","-5.0"
"166","10","","Teddy Bridgewater","CAR","QB26","13","72","275","178.7","32.2","179.0","+13.0"
"167","10","","Alshon Jeffery","PHI","WR62","9","64","268","169.3","41.8","119.0","-48.0"
"168","10","","Justin Tucker","BAL","K1","8","88","184","172.9","10.1","159.0","-9.0"
"169","10","","Brandon Aiyuk","SF","WR63","11","86","345","165.6","43.0","215.0","+46.0"
"170","10","","Justin Jackson","LAC","RB54","10","81","283","168.6","29.6","163.0","-7.0"
"171","10","","Harrison Butker","KC","K2","10","82","183","171.8","10.6","161.0","-10.0"
"172","10","","Ian Thomas","CAR","TE22","13","133","273","176.4","30.6","189.0","+17.0"
"173","10","","Chicago (CHI)","","DST6","11","77","230","170.4","17.9","150.0","-23.0"
"174","10","","A.J. Dillon","GB","RB55","5","85","371","178.8","49.2","176.0","+2.0"
"175","10","","Allen Lazard","GB","WR64","5","99","325","178.8","37.8","182.0","+7.0"
"176","10","","Wil Lutz","NO","K3","6","94","204","182.5","10.4","173.0","-3.0"
"177","10","","New Orleans (NO)","","DST7","6","111","230","182.6","20.6","207.0","+30.0"
"178","10","","Sam Darnold","NYJ","QB27","11","99","275","190.6","34.3","178.0","0.0"
"179","10","","Parris Campbell","IND","WR65","7","122","247","184.0","25.4","184.0","+5.0"
"180","10","","Greg Zuerlein","DAL","K4","10","90","228","188.4","12.2","170.0","-10.0"
"181","10","","Minnesota (MIN)","","DST8","7","97","279","190.2","26.8","183.0","+2.0"
"182","10","","Hunter Renfrow","LV","WR66","6","81","293","187.9","30.5","203.0","+21.0"
"183","10","","Greg Olsen","SEA","TE23","6","91","294","192.0","37.6","200.0","+17.0"
"184","10","","Derek Carr","LV","QB28","6","96","289","197.0","35.5","201.0","+17.0"
"185","10","","Jamaal Williams","GB","RB56","5","115","321","187.3","33.4","165.0","-20.0"
"186","11","","Kansas City (KC)","","DST9","10","103","293","190.0","24.3","180.0","-6.0"
"187","11","","Denzel Mims","NYJ","WR67","11","93","339","187.0","38.0","199.0","+12.0"
"188","11","","Corey Davis","TEN","WR68","7","108","238","191.1","24.5","195.0","+7.0"
"189","11","","Larry Fitzgerald","ARI","WR69","8","105","239","191.9","22.6","190.0","+1.0"
"190","11","","James Washington","PIT","WR70","8","111","285","186.7","27.3","196.0","+6.0"
"191","11","","Carlos Hyde","SEA","RB57","6","104","359","192.8","44.5","193.0","+2.0"
"192","11","","Los Angeles (LAR)","","DST10","9","98","290","192.9","30.3","205.0","+13.0"
"193","11","","Antonio Gibson","WAS","RB58","8","96","361","187.4","50.0","194.0","+1.0"
"194","11","","Dede Westbrook","JAC","WR71","7","123","293","202.1","24.3","177.0","-17.0"
"195","11","","Damien Harris","NE","RB59","6","85","347","198.1","41.4","204.0","+9.0"
"196","11","","Tyrell Williams","LV","WR72","6","90","300","196.1","33.0","169.0","-27.0"
"197","11","","Irv Smith Jr.","MIN","TE24","7","142","291","199.5","35.6","210.0","+13.0"
"198","11","","Rashaad Penny","SEA","RB60","6","126","357","204.6","39.5","143.0","-55.0"
"199","11","","Anthony McFarland Jr.","PIT","RB61","8","130","368","196.4","47.7","240.0","+41.0"
"200","11","","Joshua Kelley","LAC","RB62","10","83","373","186.1","45.4","241.0","+41.0"
"201","11","","Malcolm Brown","LAR","RB63","9","130","331","204.8","36.4","221.0","+20.0"
"202","11","","Randall Cobb","HOU","WR73","8","110","261","201.4","25.4","227.0","+25.0"
"203","11","","Philadelphia (PHI)","","DST11","9","113","302","209.2","25.4","228.0","+25.0"
"204","11","","Matt Gay","TB","K5","13","100","324","212.5","20.9","225.0","+21.0"
"205","11","","Darrynton Evans","TEN","RB64","7","115","357","199.1","41.1","218.0","+13.0"
"206","11","","Denver (DEN)","","DST12","8","104","309","209.1","28.2","188.0","-18.0"
"207","11","","Robbie Gould","SF","K6","11","105","316","207.6","20.1","192.0","-15.0"
"208","11","","John Ross","CIN","WR74","9","125","247","199.1","27.6","168.0","-40.0"
"209","11","","Matt Prater","DET","K7","5","107","253","217.0","17.1","223.0","+14.0"
"210","11","","Los Angeles (LAC)","","DST13","10","78","352","206.8","37.1","175.0","-35.0"
"211","11","","Cole Beasley","BUF","WR75","11","142","267","212.9","22.1","243.0","+32.0"
"212","11","","Jace Sternberger","GB","TE25","5","119","325","208.4","40.6","258.0","+46.0"
"213","11","","O.J. Howard","TB","TE26","13","121","305","214.2","37.4","166.0","-47.0"
"214","11","","Tennessee (TEN)","","DST14","7","118","301","222.3","25.9","251.0","+37.0"
"215","11","","Giovani Bernard","CIN","RB65","9","167","295","218.3","31.5","252.0","+37.0"
"216","11","","Tee Higgins","CIN","WR76","9","112","359","214.7","35.1","206.0","-10.0"
"217","11","","Laviska Shenault Jr.","JAC","WR77","7","90","357","218.5","45.3","233.0","+16.0"
"218","11","","Kenny Stills","HOU","WR78","8","111","310","211.7","30.2","198.0","-20.0"
"219","11","","Benny Snell Jr.","PIT","RB66","8","149","313","221.1","34.3","253.0","+34.0"
"220","11","","Dawson Knox","BUF","TE27","11","139","273","216.9","29.5","229.0","+9.0"
"221","11","","Kyle Rudolph","MIN","TE28","7","127","333","219.6","37.4","213.0","-8.0"
"222","11","","Jake Elliott","PHI","K8","9","120","292","229.2","22.6","232.0","+10.0"
"223","11","","Ryquell Armstead","JAC","RB67","7","130","346","219.0","44.3","222.0","-1.0"
"224","11","","Ka'imi Fairbairn","HOU","K9","8","115","299","228.4","18.3","219.0","-5.0"
"225","11","","Zane Gonzalez","ARI","K10","8","112","332","226.6","25.0","212.0","-13.0"
"226","11","","Seattle (SEA)","","DST15","6","108","312","230.6","26.8","249.0","+23.0"
"227","11","","Michael Badgley","LAC","K11","10","110","302","232.9","23.9","246.0","+19.0"
"228","11","","Indianapolis (IND)","","DST16","7","101","304","231.9","38.1","214.0","-14.0"
"229","12","","Mohamed Sanu","NE","WR79","6","111","314","225.0","21.1","250.0","+21.0"
"230","12","","Green Bay (GB)","","DST17","5","126","307","236.9","24.2","185.0","-45.0"
"231","12","","Devin Funchess","GB","WR80","5","137","304","226.7","27.6","248.0","+17.0"
"232","12","","Josh Reynolds","LAR","WR81","9","148","371","235.5","37.3","257.0","+25.0"
"233","12","","Dwayne Haskins","WAS","QB29","8","121","338","245.6","36.7","259.0","+26.0"
"234","12","","New York (NYJ)","","DST18","11","156","311","234.1","32.5","244.0","+10.0"
"235","12","","Mason Crosby","GB","K12","5","127","302","238.9","20.7","230.0","-5.0"
"236","12","","Justice Hill","BAL","RB68","8","134","336","229.9","43.0","186.0","-50.0"
"237","12","","Will Dissly","SEA","TE29","6","136","340","234.4","40.6","202.0","-35.0"
"238","12","","Cleveland (CLE)","","DST19","9","128","308","246.5","31.4","267.0","+29.0"
"239","12","","Chris Thompson","JAC","RB69","7","158","326","238.0","43.9","208.0","-31.0"
"240","12","","Dan Bailey","MIN","K13","7","153","298","246.8","22.0","226.0","-14.0"
"241","12","","Gerald Everett","LAR","TE30","9","139","334","241.1","35.9","273.0","+32.0"
"242","12","","Tyrod Taylor","LAC","QB30","10","113","356","249.5","55.4","242.0","0.0"
"243","12","","Ryan Fitzpatrick","MIA","QB31","11","144","341","251.4","46.8","236.0","-7.0"
"244","12","","Steven Sims","WAS","WR82","8","109","356","229.5","51.1","296.0","+52.0"
"245","12","","Dallas (DAL)","","DST20","10","122","301","249.0","31.6","224.0","-21.0"
"246","12","","Danny Amendola","DET","WR83","5","168","314","241.5","24.7","274.0","+28.0"
"247","12","","Tampa Bay (TB)","","DST21","13","86","324","245.9","40.0","217.0","-30.0"
"248","12","","Brandon McManus","DEN","K14","8","117","309","252.3","25.0","263.0","+15.0"
"249","12","","Gus Edwards","BAL","RB70","8","144","368","231.5","48.4","247.0","-2.0"
"250","12","","Miles Boykin","BAL","WR84","8","150","311","240.6","33.6","277.0","+27.0"
"251","12","","Jalen Richard","LV","RB71","6","149","363","249.5","41.2","264.0","+13.0"
"252","12","","Younghoe Koo","ATL","K15","10","130","306","247.6","33.0","216.0","-36.0"
"253","12","","Ito Smith","ATL","RB72","10","146","351","241.9","39.6","265.0","+12.0"
"254","12","","Tre'Quan Smith","NO","WR85","6","146","345","239.9","29.0","260.0","+6.0"
"255","12","","Chris Conley","JAC","WR86","7","189","316","240.1","24.3","270.0","+15.0"
"256","12","","Royce Freeman","DEN","RB73","8","100","350","247.2","46.8","239.0","-17.0"
"257","12","","Rex Burkhead","NE","RB74","6","144","364","250.0","39.2","275.0","+18.0"
"258","12","","Jason Myers","SEA","K16","6","158","297","255.7","25.4","234.0","-24.0"
"259","12","","Jimmy Graham","CHI","TE31","11","163","319","254.7","25.8","261.0","+2.0"
"260","12","","Nick Foles","CHI","QB32","11","119","354","263.9","46.6","284.0","+24.0"
"261","12","","David Njoku","CLE","TE32","9","136","325","250.1","35.7","256.0","-5.0"
"262","12","","Andy Isabella","ARI","WR87","8","137","370","244.1","33.1","255.0","-7.0"
"263","12","","Russell Gage","ATL","WR88","10","147","345","246.9","46.4","306.0","+43.0"
"264","12","","Joey Slye","CAR","K17","13","131","349","264.1","29.5","266.0","+2.0"
"265","12","","Albert Wilson","MIA","WR89","11","181","309","251.9","25.1","268.0","+3.0"
"266","12","","Chris Boswell","PIT","K18","8","165","302","267.2","26.0","279.0","+13.0"
"267","12","","Chase Claypool","PIT","WR90","8","111","361","248.5","37.1","254.0","-13.0"
"268","12","","Jerick McKinnon","SF","RB75","11","130","361","259.9","48.2","289.0","+21.0"
"269","12","","KJ Hamler","DEN","WR91","8","182","360","256.1","37.6","269.0","0.0"
"270","12","","Jalen Hurd","SF","WR92","11","127","375","259.6","40.6","288.0","+18.0"
"271","12","","Jaylen Samuels","PIT","RB76","8","156","336","264.2","38.3","211.0","-60.0"
"272","12","","Dion Lewis","NYG","RB77","11","187","358","271.5","31.9","271.0","-1.0"
"273","12","","Houston (HOU)","","DST22","8","152","334","279.8","28.2","280.0","+7.0"
"274","12","","Josh Lambo","JAC","K19","7","174","353","278.9","30.5","290.0","+16.0"
"275","12","","Stephen Hauschka","BUF","K20","11","129","328","279.2","23.9","235.0","-40.0"
"276","12","","Austin Seibert","CLE","K21","9","182","308","282.0","22.7","262.0","-14.0"
"277","12","","Washington (WAS)","","DST23","8","191","332","285.7","32.5","",""
"278","12","","Tyler Eifert","JAC","TE33","7","170","341","266.4","32.3","",""
"279","13","","Devonta Freeman","FA","RB78","","85","383","242.2","61.5","245.0","-34.0"
"280","13","","Vance McDonald","PIT","TE34","8","180","347","280.0","30.4","282.0","+2.0"
"281","13","","Zach Pascal","IND","WR93","7","203","363","270.8","27.8","281.0","0.0"
"282","13","","Phillip Dorsett","SEA","WR94","6","205","333","270.0","26.3","287.0","+5.0"
"283","13","","Jacksonville (JAC)","","DST24","7","145","354","289.0","31.9","300.0","+17.0"
"284","13","","Adam Humphries","TEN","WR95","7","205","367","280.4","31.6","302.0","+18.0"
"285","13","","DeAndre Washington","KC","RB79","10","185","387","273.1","41.2","272.0","-13.0"
"286","13","","Tua Tagovailoa","MIA","QB33","11","137","379","297.0","45.1","209.0","-77.0"
"287","13","","Marquez Valdes-Scantling","GB","WR96","5","208","387","280.1","33.8","293.0","+6.0"
"288","13","","Auden Tate","CIN","WR97","9","160","381","278.9","34.0","285.0","-3.0"
"289","13","","Darwin Thompson","KC","RB80","10","174","358","282.6","37.1","278.0","-11.0"
"290","13","","Demarcus Robinson","KC","WR98","10","191","384","284.7","33.2","295.0","+5.0"
"291","13","","Atlanta (ATL)","","DST25","10","193","339","300.6","26.8","",""
"292","13","","Mike Boone","MIN","RB81","7","187","374","280.9","33.5","304.0","+12.0"
"293","13","","Aldrick Rosas","NYG","K22","11","164","351","297.8","25.5","238.0","-55.0"
"294","13","","Antonio Gandy-Golden","WAS","WR99","8","128","367","273.8","47.5","",""
"295","13","","Devin Duvernay","BAL","WR100","8","121","390","278.1","46.9","",""
"296","13","","Frank Gore","NYJ","RB82","11","131","385","286.5","58.1","",""
"297","13","","Brett Maher","NYJ","K23","11","168","342","293.9","31.6","",""
"298","13","","Detroit (DET)","","DST26","5","175","344","306.9","30.7","",""
"299","13","","J.J. Arcega-Whiteside","PHI","WR101","9","122","384","285.1","36.1","297.0","-2.0"
"300","13","","Daniel Carlson","LV","K24","6","199","332","303.0","26.1","",""
"301","13","","Mitch Trubisky","CHI","QB34","11","158","384","306.1","41.2","292.0","-9.0"
"302","13","","Peyton Barber","WAS","RB83","8","144","378","279.6","45.1","286.0","-16.0"
"303","13","","Cameron Brate","TB","TE35","13","236","374","294.9","28.4","299.0","-4.0"
"304","13","","Dare Ogunbowale","TB","RB84","13","186","386","302.7","39.9","",""
"305","13","","Brian Hill","ATL","RB85","10","185","380","299.7","39.0","",""
"306","13","","Jakobi Meyers","NE","WR102","6","228","369","293.8","27.2","",""
"307","13","","David Moore","SEA","WR103","6","219","367","289.6","28.8","298.0","-9.0"
"308","13","","Carolina (CAR)","","DST27","13","176","355","305.9","33.0","",""
"309","13","","Van Jefferson","LAR","WR104","9","169","373","292.1","38.7","303.0","-6.0"
"310","13","","Nelson Agholor","LV","WR105","6","196","396","292.1","41.9","291.0","-19.0"
"311","13","","Bryce Love","WAS","RB86","8","177","388","296.9","43.0","305.0","-6.0"
"312","13","","Lamical Perine","NYJ","RB87","11","144","360","284.1","43.9","",""
"313","13","","Dustin Hopkins","WAS","K25","8","215","342","312.6","27.3","",""
"314","13","","Stephen Gostkowski","FA","K26","","168","353","244.6","44.2","283.0","-31.0"
"315","13","","Justin Herbert","LAC","QB35","10","150","382","309.2","50.3","",""
"316","13","","Willie Snead","BAL","WR106","8","243","378","300.4","25.8","",""
"317","13","","Chase McLaughlin","IND","K27","7","202","353","297.0","31.9","",""
"318","13","","Jarrett Stidham","NE","QB36","6","159","385","316.0","39.5","276.0","-42.0"
"319","13","","Darren Fells","HOU","TE36","8","136","355","275.8","45.2","",""
"320","13","","Kendrick Bourne","SF","WR107","11","160","374","297.2","41.8","",""
"321","13","","Patrick Laird","MIA","RB88","11","248","393","315.8","25.8","",""
"322","13","","Reggie Bonnafon","CAR","RB89","13","233","371","315.7","36.0","",""
"323","13","","Trey Burton","IND","TE37","7","191","380","303.5","37.5","301.0","-22.0"
"324","13","","DeeJay Dallas","SEA","RB90","6","176","382","297.7","45.9","",""
"325","13","","Lynn Bowden Jr.","LV","RB91","6","147","388","291.0","60.0","",""
"326","13","","Justin Rohrwasser","NE","K28","6","171","353","291.4","35.3","167.0","-159.0"
"327","13","","Keke Coutee","HOU","WR108","8","243","389","306.2","29.2","",""
"328","13","","Las Vegas (LV)","","DST28","6","195","347","313.7","29.1","",""
"329","13","","Bryan Edwards","LV","WR109","6","144","368","273.5","55.1","",""
"330","13","","Jordan Akins","HOU","TE38","8","242","366","299.6","26.1","",""
"331","14","","Jacob Hollister","SEA","TE39","6","232","375","300.8","38.7","294.0","-37.0"
"332","14","","Arizona (ARI)","","DST29","8","201","353","313.6","30.9","220.0","-112.0"
"333","14","","T.J. Yeldon","BUF","RB92","11","235","392","323.0","26.4","",""
"334","14","","Marquise Goodwin","PHI","WR110","9","265","369","316.2","24.7","",""
"335","14","","C.J. Uzomah","CIN","TE40","9","223","351","291.8","39.2","",""
"336","14","","Darrel Williams","KC","RB93","10","196","383","319.3","33.3","",""
"337","14","","DaeSean Hamilton","DEN","WR111","8","220","382","315.8","40.1","",""
"338","14","","Jameis Winston","NO","QB37","6","192","387","330.2","42.0","",""
"339","14","","Jordan Wilkins","IND","RB94","7","199","376","316.9","28.1","",""
"340","14","","Bo Scarbrough","DET","RB95","5","253","381","328.4","26.4","",""
"341","14","","Antonio Brown","FA","WR112","","107","377","269.9","65.2","231.0","-110.0"
"342","14","","Eno Benjamin","ARI","RB96","8","166","382","301.2","49.6","",""
"343","14","","Randy Bullock","CIN","K29","9","174","347","317.0","20.5","",""
"344","14","","Travis Homer","SEA","RB97","6","237","376","328.4","23.3","",""
"345","14","","Cole Kmet","CHI","TE41","11","191","382","319.7","38.1","",""
"346","14","","Wayne Gallman","NYG","RB98","11","258","383","331.1","24.8","",""
"347","14","","Myles Gaskin","MIA","RB99","11","263","392","333.1","29.6","",""
"348","14","","Kai Forbath","DAL","K30","10","195","342","301.4","33.5","237.0","-111.0"
"349","14","","Jeff Wilson","SF","RB100","11","135","365","320.5","36.7","",""
"350","14","","Devin Asiasi","NE","TE42","6","163","366","312.3","48.3","",""
"351","14","","Adam Vinatieri","FA","K31","","179","339","303.5","37.0","",""
"352","14","","Lamar Miller","FA","RB101","","130","379","300.6","45.9","",""
"353","14","","Qadree Ollison","ATL","RB102","10","251","392","338.1","23.5","",""
"354","14","","Ted Ginn","CHI","WR113","11","241","377","322.8","32.8","",""
"355","14","","Jason Witten","LV","TE43","6","206","369","325.1","25.7","",""
"356","14","","Greg Ward","PHI","WR114","9","169","370","320.9","37.8","",""
"357","14","","Dante Pettis","SF","WR115","11","189","379","316.1","38.8","",""
"358","14","","Josh Oliver","JAC","TE44","7","227","389","329.8","32.1","",""
"359","14","","Nick Boyle","BAL","TE45","8","225","360","312.2","36.2","",""
"360","14","","Marcus Mariota","LV","QB38","6","202","397","345.3","39.0","",""
"361","14","","Tyler Johnson","TB","WR116","13","212","383","318.2","42.6","",""
"362","14","","Ryan Griffin","NYJ","TE46","11","171","385","331.0","27.0","",""
"363","14","","Keelan Cole","JAC","WR117","7","261","375","329.8","29.3","",""
"364","14","","New York (NYG)","","DST30","11","207","355","330.4","15.5","",""
"365","14","","Miami (MIA)","","DST31","11","143","355","314.9","35.5","",""
"366","14","","Taysom Hill","NO","QB39","6","152","381","339.1","28.0","",""
"367","14","","Andy Dalton","DAL","QB40","10","214","387","340.9","35.6","",""
"368","14","","Cincinnati (CIN)","","DST32","9","156","355","329.8","22.2","",""
"369","14","","LeSean McCoy","FA","RB103","","187","380","311.9","51.9","",""
"370","14","","Josh Gordon","FA","WR118","","150","363","300.0","42.5","",""
"371","14","","Mike Davis","CAR","RB104","13","193","376","334.2","27.5","",""
"372","14","","Kalen Ballage","MIA","RB105","11","190","380","344.1","21.8","",""
"373","14","","Taylor Gabriel","FA","WR119","","207","385","295.6","56.6","",""
"374","14","","Olabisi Johnson","MIN","WR120","7","212","372","303.3","37.6","",""
"375","14","","Demaryius Thomas","FA","WR121","","203","315","271.8","26.8","",""
"376","14","","Dan Arnold","ARI","TE47","8","187","375","296.7","38.7","",""
"377","14","","Delanie Walker","FA","TE48","","260","382","321.1","34.1","",""
"378","14","","Greg Joseph","TEN","K32","7","233","333","300.3","25.7","",""
"379","14","","Justin Watson","TB","WR122","13","269","395","347.3","28.7","",""
"380","14","","Tajae Sharpe","MIN","WR123","7","265","383","324.3","33.6","",""
"381","14","","Geronimo Allison","DET","WR124","5","244","396","344.8","30.3","",""
"382","14","","Paul Richardson Jr.","FA","WR125","","244","381","312.4","33.7","",""
"383","14","","Trayveon Williams","CIN","RB106","9","184","381","346.0","38.6","",""
"384","14","","Jacoby Brissett","IND","QB41","7","216","387","343.4","31.4","",""
"385","14","","Jeremy Sprinkle","WAS","TE49","8","258","371","330.8","24.8","",""
"386","14","","Eddy Pineiro","CHI","K33","11","267","351","320.2","21.4","",""
"387","14","","Ty Montgomery","NO","RB107","6","272","369","332.0","24.7","",""
"388","14","","Jason Sanders","MIA","K34","11","232","353","323.3","18.7","",""
"389","14","","Adam Trautman","NO","TE50","6","239","385","338.9","29.6","",""
"390","15","","Ty Johnson","DET","RB108","5","277","386","343.5","18.7","",""
"391","15","","Trent Taylor","SF","WR126","11","208","386","311.9","47.5","",""
"392","15","","Jalen Hurts","PHI","QB42","9","191","390","337.1","53.7","",""
"393","15","","Raymond Calais","TB","RB109","13","182","388","300.5","60.9","",""
"394","15","","Dontrell Hilliard","CLE","RB110","9","261","392","349.9","22.8","",""
"395","15","","Kaden Smith","NYG","TE51","11","202","383","344.3","31.2","",""
"396","15","","Foster Moreau","LV","TE52","6","296","384","346.3","18.3","",""
"397","15","","KeeSean Johnson","ARI","WR127","8","301","390","352.9","21.3","",""
"398","15","","Corey Clement","PHI","RB111","9","226","389","351.2","19.2","",""
"399","15","","Kyle Juszczyk","SF","RB112","11","280","374","339.1","23.5","",""
"400","15","","Scott Miller","TB","WR128","13","245","386","347.2","26.3","",""
"401","15","","Sam Sloman","LAR","K35","9","228","312","287.9","21.0","",""
"402","15","","Bilal Powell","FA","RB113","","311","393","346.3","21.4","",""
"403","15","","Allen Hurns","MIA","WR129","11","269","390","339.2","34.4","",""
"404","15","","Thaddeus Moss","WAS","TE53","8","142","394","336.8","55.0","",""
"405","15","","Marqise Lee","NE","WR130","6","244","396","351.7","38.3","",""
"406","15","","Hakeem Butler","ARI","WR131","8","270","378","346.2","32.4","",""
"407","15","","Dexter Williams","GB","RB114","5","277","384","353.0","17.3","",""
"408","15","","Zay Jones","LV","WR132","6","300","396","351.4","19.3","",""
"409","15","","Jake Kumerow","GB","WR133","5","244","395","352.8","31.6","",""
"410","15","","Rashard Higgins","CLE","WR134","9","285","371","328.7","31.5","",""
"411","15","","Albert Okwuegbunam","DEN","TE54","8","241","391","346.3","27.6","",""
"412","15","","J.D. McKissic","WAS","RB115","8","192","359","331.1","37.0","",""
"413","15","","Drew Sample","CIN","TE55","9","341","381","358.7","12.2","",""
"414","15","","JaMycal Hasty","SF","RB116","11","209","370","302.7","40.7","",""
"415","15","","Dalton Keene","NE","TE56","6","323","389","354.2","15.1","",""
"416","15","","Cordarrelle Patterson","CHI","WR135","11","222","369","336.1","33.3","",""
"417","15","","K.J. Hill","LAC","WR136","10","241","369","314.8","34.3","",""
"418","15","","Anthony Firkser","TEN","TE57","7","304","383","342.4","16.8","",""
"419","15","","C.J. Anderson","FA","RB117","","323","393","353.4","19.2","",""
"420","15","","Devontae Booker","LV","RB118","6","217","374","349.1","17.9","",""
"421","15","","Javon Wims","CHI","WR137","11","270","390","355.1","28.5","",""
"422","15","","Rodney Anderson","CIN","RB119","9","274","388","354.4","25.1","",""
"423","15","","Matt Bryant","FA","K36","","203","329","261.7","51.8","",""
"424","15","","Ryan Succop","FA","K37","","210","308","272.7","44.4","",""
"425","15","","Kahale Warring","HOU","TE58","8","173","377","311.0","80.8","",""
"426","15","","Quintez Cephus","DET","WR138","5","240","382","348.3","35.7","",""
"427","15","","Maxx Williams","ARI","TE59","8","272","391","360.0","27.7","",""
"428","15","","Jakeem Grant","MIA","WR139","11","270","370","350.1","20.5","",""
"429","15","","Ryan Nall","CHI","RB120","11","252","373","345.5","21.7","",""
"430","15","","Dwayne Washington","NO","RB121","6","313","358","336.8","17.5","",""
"431","15","","Ricky Seals-Jones","KC","TE60","10","299","394","361.6","17.8","",""
"432","15","","Isaiah Coulter","HOU","WR140","8","247","361","303.0","46.6","",""
"433","15","","Equanimeous St. Brown","GB","WR141","5","210","377","326.5","67.6","",""
"434","15","","Donovan Peoples-Jones","CLE","WR142","9","285","387","369.5","23.3","",""
"435","15","","Trey Quinn","WAS","WR143","8","226","373","342.8","32.2","",""
"436","15","","Kalif Raymond","TEN","WR144","7","298","366","343.6","25.4","",""
"437","15","","Damiere Byrd","NE","WR145","6","311","391","358.9","20.9","",""
"438","15","","Jeff Thomas","NE","WR146","6","263","270","266.5","3.5","",""
"439","15","","Elijah Holyfield","PHI","RB122","9","269","364","333.0","38.5","",""
"440","15","","Kerrith Whyte Jr.","PIT","RB123","8","329","388","360.4","15.9","",""
"441","15","","Mo Alie-Cox","IND","TE61","7","337","375","361.4","12.9","",""
"442","15","","Buddy Howell","HOU","RB124","8","268","386","335.0","44.0","",""
"443","15","","Donte Moncrief","FA","WR147","","184","377","280.5","96.5","",""
"444","15","","Sam Ficken","NYJ","K38","11","309","330","321.7","9.1","",""
"445","15","","Andre Patton","LAC","WR148","10","310","371","341.8","22.2","",""
"446","15","","Brycen Hopkins","LAR","TE62","9","260","374","324.7","47.8","",""
"447","15","","Corey Coleman","NYG","WR149","11","301","369","329.0","29.0","",""
"448","15","","James Robinson","JAC","RB125","7","305","350","329.7","18.6","",""
"449","15","","Michael Warren II","PHI","RB126","9","257","336","296.5","39.5","",""
"450","15","","Josh Hill","NO","TE63","6","335","355","347.0","7.4","",""
"451","15","","Devine Ozigbo","JAC","RB127","7","320","379","357.6","17.4","",""
"452","16","","Jordan Reed","FA","TE64","","323","394","365.3","20.9","",""
"453","16","","Hunter Bryant","DET","TE65","5","282","391","349.8","42.7","",""
"454","16","","Logan Thomas","WAS","TE66","8","324","376","351.0","20.3","",""
"455","16","","Josh Doctson","NYJ","WR150","11","311","360","337.0","20.1","",""
"456","16","","Tyler Bass","BUF","K39","11","284","331","307.5","23.5","",""
"457","16","","Gabriel Davis","BUF","WR151","11","289","384","361.8","18.4","",""
"458","16","","Matt LaCosse","NE","TE67","6","331","390","362.6","25.0","",""
"459","16","","Graham Gano","CAR","K40","13","306","317","311.5","5.5","",""
"460","16","","Riley Ridley","CHI","WR152","11","343","388","364.8","16.3","",""
"461","16","","Kyle Allen","WAS","QB43","8","203","397","365.2","16.2","",""
"462","16","","Jaeden Graham","ATL","TE68","10","348","394","370.7","13.1","",""
"463","16","","Tim Patrick","DEN","WR153","8","334","376","357.8","15.1","",""
"464","16","","Ameer Abdullah","MIN","RB128","7","328","358","346.7","13.3","",""
"465","16","","Jesse James","DET","TE69","5","339","379","359.5","14.8","",""
"466","16","","Isaiah Ford","MIA","WR154","11","269","377","323.0","54.0","",""
"467","16","","James Proche","BAL","WR155","8","343","358","349.7","6.2","",""
"468","16","","Jason Huntley","DET","RB129","5","289","366","327.5","38.5","",""
"469","16","","Nick Vannett","DEN","TE70","8","282","383","332.5","50.5","",""
"470","16","","J.J. Taylor","NE","RB130","6","331","334","332.5","1.5","",""
"471","16","","Darnell Mooney","CHI","WR156","11","294","376","335.0","41.0","",""
"472","16","","Robert Foster","BUF","WR157","11","298","372","335.0","37.0","",""
"473","16","","Alex Erickson","CIN","WR158","9","350","361","356.3","4.6","",""
"474","16","","Damion Ratley","CLE","WR159","9","297","392","357.0","42.6","",""
"475","16","","Brandon Bolden","NE","RB131","6","337","380","357.3","17.6","",""
"476","16","","Ross Dwelley","SF","TE71","11","344","373","361.7","12.7","",""
"477","16","","Karan Higdon","HOU","RB132","8","332","357","344.5","12.5","",""
"478","16","","Laquon Treadwell","ATL","WR160","10","357","371","362.3","6.2","",""
"479","16","","Dalton Schultz","DAL","TE72","10","337","354","345.5","8.5","",""
"480","16","","Joe Reed","LAC","WR161","10","365","388","376.8","8.5","",""
"481","16","","Seth Roberts","CAR","WR162","13","315","384","349.5","34.5","",""
"482","16","","Joe Flacco","NYJ","QB44","11","318","389","365.3","33.5","",""
"483","16","","Khari Blasingame","TEN","RB133","7","337","368","352.5","15.5","",""
"484","16","","Devin Smith","DAL","WR163","10","333","373","353.0","20.0","",""
"485","16","","John Hightower","PHI","WR164","9","328","383","355.5","27.5","",""
"486","16","","Brian Hoyer","NE","QB45","6","332","382","357.0","25.0","",""
"487","16","","John Kelly","LAR","RB134","9","340","375","357.5","17.5","",""
"488","16","","Collin Johnson","JAC","WR165","7","336","380","358.0","22.0","",""
"489","16","","Jeff Driskel","DEN","QB46","8","348","381","364.5","16.5","",""
"490","16","","Jeff Heuerman","DEN","TE73","8","344","387","365.5","21.5","",""
"491","16","","Jordan Scarlett","CAR","RB135","13","367","385","376.7","7.4","",""
"492","16","","Kenneth Dixon","NYJ","RB136","11","356","380","368.0","12.0","",""
"493","16","","Tyler Kroft","BUF","TE74","11","361","376","368.5","7.5","",""
"494","16","","Jordan Love","GB","QB47","5","368","381","374.5","6.5","",""
"495","16","","Jamize Olawale","DAL","RB137","10","380","381","380.5","0.5","",""
""
""
